{
  "schema_version": 2,
  "ronecone_version": "0.6.0",
  "captured_on": "2026-07-19",
  "environment": {
    "platform": "Windows x64",
    "excel": "Microsoft 365 16.0.20131.20154 x64",
    "process_model": "one fresh Excel process per sample"
  },
  "live_contracts": {
    "delegate_event_exception_assertions": 58,
    "collection_assertions": 66,
    "office_or_vbe_popups": 0
  },
  "scenarios": [
    {
      "name": "square(x) universal delegate kernel",
      "operations_per_sample": 10000,
      "seconds": [0.07598876953125, 0.0679931640625, 0.1099853515625],
      "minimum_seconds": 0.0679931640625,
      "median_seconds": 0.07598876953125,
      "mean_seconds": 0.08465576171875,
      "maximum_seconds": 0.1099853515625,
      "release_gate_seconds": 0.5
    },
    {
      "name": "Range.Where.ToList universal delegate sequence",
      "operations_per_sample": 10000,
      "seconds": [0.141998291015625, 0.125, 0.282958984375],
      "minimum_seconds": 0.125,
      "median_seconds": 0.141998291015625,
      "mean_seconds": 0.183319091796875,
      "maximum_seconds": 0.282958984375,
      "release_gate_seconds": 0.75
    }
  ]
}
