{
  "schema_version": 2,
  "ronecone_version": "0.7.0",
  "captured_on": "2026-07-19",
  "environment": {
    "platform": "Windows x64",
    "excel": "Microsoft 365 16.0.20131.20154 x64",
    "process_model": "one fresh Excel process per sample"
  },
  "live_contracts": {
    "delegate_event_exception_assertions": 58,
    "collection_assertions": 91,
    "office_or_vbe_popups": 0
  },
  "scenarios": [
    {
      "name": "square(x) universal delegate kernel",
      "operations_per_sample": 10000,
      "seconds": [
        0.080078125,
        0.22216796875,
        0.06982421875,
        0.0693359375,
        0.08447265625
      ],
      "minimum_seconds": 0.0693359375,
      "median_seconds": 0.080078125,
      "mean_seconds": 0.10517578125,
      "maximum_seconds": 0.22216796875,
      "release_gate_seconds": 0.5
    },
    {
      "name": "Range.Where.ToList universal delegate sequence",
      "operations_per_sample": 10000,
      "seconds": [
        0.18603515625,
        0.68115234375,
        0.123046875,
        0.12158203125,
        0.1689453125
      ],
      "minimum_seconds": 0.12158203125,
      "median_seconds": 0.1689453125,
      "mean_seconds": 0.25615234375,
      "maximum_seconds": 0.68115234375,
      "release_gate_seconds": 0.75
    }
  ]
}
